settlement_id,case_id,payment_id,gross_amount,fee_amount,tax_amount,adjustment_amount,net_amount,settlement_status,settlement_date
SETTL-00001,CASE-00001,PAY-00001,120000.57,2400.01,432.00,0.00,117168.56,SETTLED,2026-02-26
SETTL-00002,CASE-00002,PAY-00002,4999.09,99.98,18.00,0.00,4881.11,SETTLED,2026-06-24
SETTL-00003,CASE-00003,PAY-00003,1250.96,25.02,4.50,0.00,1221.44,SETTLED,2026-04-04
SETTL-00004,CASE-00004,PAY-00004,4999.51,99.99,18.00,0.00,4881.52,SETTLED,2026-01-25
SETTL-00005,CASE-00005,PAY-00005,7499.58,149.99,27.00,0.00,7322.59,SETTLED,2026-04-23
SETTL-00006,CASE-00006,PAY-00006,2499.24,49.98,9.00,0.00,1940.41,SETTLED,2026-04-28
SETTL-00007,CASE-00007,PAY-00007,12000.07,240.00,43.20,0.00,11716.87,SETTLED,2026-01-22
SETTL-00008,CASE-00008,PAY-00008,500.65,10.01,1.80,0.00,488.84,SETTLED,2026-02-03
SETTL-00009,CASE-00009,PAY-00009,4999.51,99.99,18.00,0.00,4881.52,SETTLED,2026-02-18
SETTL-00010,CASE-00010,PAY-00010,550000.10,19250.00,3465.00,0.00,527285.10,SETTLED,2026-06-14
SETTL-00011,CASE-00011,PAY-00011,7499.26,149.99,27.00,0.00,7322.27,SETTLED,2026-05-05
SETTL-00012,CASE-00012,PAY-00012,7499.58,149.99,27.00,0.00,7322.59,SETTLED,2026-05-05
SETTL-00013,CASE-00013,PAY-00013,1250.68,25.01,4.50,-450.00,771.17,SETTLED,2026-03-26
SETTL-00014,CASE-00014,PAY-00014,1250.31,25.01,4.50,0.00,1220.80,SETTLED,2026-05-26
SETTL-00015,CASE-00015,PAY-00015,550000.83,11000.02,1980.00,0.00,537020.81,SETTLED,2026-07-27
SETTL-00016,CASE-00016,PAY-00016,1250.17,25.00,4.50,0.00,1220.67,SETTLED,2026-04-15
SETTL-00017,CASE-00017,PAY-00017,7499.36,149.99,27.00,0.00,7322.37,SETTLED,2026-03-25
SETTL-00018,CASE-00018,PAY-00018,120000.62,2400.01,432.00,0.00,117168.61,SETTLED,2026-04-10
SETTL-00020,CASE-00020,PAY-00020,2499.94,50.00,9.00,0.00,2440.94,SETTLED,2026-06-23
SETTL-00021,CASE-00021,PAY-00021,1250.09,25.00,4.50,0.00,1220.59,SETTLED,2026-03-01
SETTL-00022,CASE-00022,PAY-00022,25000.16,875.01,157.50,0.00,23967.65,SETTLED,2026-01-19
SETTL-00023,CASE-00023,PAY-00023,4999.87,100.00,18.00,0.00,4881.87,SETTLED,2026-04-09
SETTL-00024,CASE-00024,PAY-00024,550000.95,11000.02,1980.00,0.00,537020.93,SETTLED,2026-03-04
SETTL-00025,CASE-00025,PAY-00025,500.22,10.00,1.80,0.00,488.42,SETTLED,2026-05-12
SETTL-00026,CASE-00026,PAY-00026,7499.20,149.98,27.00,0.00,7322.22,SETTLED,2026-02-13
SETTL-00027,CASE-00027,PAY-00027,4999.58,99.99,18.00,0.00,4881.59,SETTLED,2026-05-18
SETTL-00028,CASE-00028,PAY-00028,4999.51,99.99,18.00,0.00,4881.52,SETTLED,2026-05-10
SETTL-00029,CASE-00029,PAY-00029,120000.51,2400.01,432.00,0.00,117168.50,SETTLED,2026-07-30
SETTL-00030,CASE-00030,PAY-00030,2499.74,49.99,9.00,0.00,2440.75,SETTLED,2026-04-16
SETTL-00031,CASE-00031,PAY-00031,12000.93,240.02,43.20,0.00,11717.71,SETTLED,2026-05-04
SETTL-00032,CASE-00032,PAY-00032,25000.73,500.01,90.00,0.00,24410.72,SETTLED,2026-03-17
SETTL-00033,CASE-00033,PAY-00033,500.66,17.52,3.15,0.00,479.99,SETTLED,2026-07-31
SETTL-00034,CASE-00034,PAY-00034,12000.79,240.02,43.20,0.00,11717.57,SETTLED,2026-05-04
SETTL-00035,CASE-00035,PAY-00035,25000.41,500.01,90.00,0.00,19410.32,SETTLED,2026-06-08
SETTL-00036,CASE-00036,PAY-00036,25000.85,875.03,157.51,0.00,23968.31,SETTLED,2026-05-30
SETTL-00037,CASE-00037,PAY-00037,23750.67,500.01,90.00,0.00,23160.66,SETTLED,2026-01-03
SETTL-00038,CASE-00038,PAY-00038,550000.77,11000.02,1980.00,0.00,537020.75,SETTLED,2026-05-08
SETTL-00039,CASE-00039,PAY-00039,120000.60,2400.01,432.00,0.00,93168.47,SETTLED,2026-03-09
SETTL-00040,CASE-00040,PAY-00040,1250.96,25.02,4.50,0.00,1221.44,SETTLED,2026-04-04
SETTL-00041,CASE-00041,PAY-00041,500.05,10.00,1.80,0.00,388.24,SETTLED,2026-04-08
SETTL-00042,CASE-00042,PAY-00042,25000.80,875.03,157.51,0.00,23968.26,SETTLED,2026-08-14
SETTL-00043,CASE-00043,PAY-00043,48500.51,970.01,174.60,0.00,47355.90,SETTLED,2026-04-07
SETTL-00044,CASE-00044,PAY-00044,1250.99,25.02,4.50,0.00,1221.47,SETTLED,2026-06-17
SETTL-00045,CASE-00045,PAY-00045,500.71,10.01,1.80,-450.00,38.90,SETTLED,2026-04-09
SETTL-00046,CASE-00046,PAY-00046,120000.71,4200.02,756.00,0.00,115044.69,SETTLED,2026-05-06
SETTL-00047,CASE-00047,PAY-00047,120000.57,2400.01,432.00,0.00,93168.45,SETTLED,2026-03-05
SETTL-00048,CASE-00048,PAY-00048,7499.98,150.00,27.00,0.00,5822.98,SETTLED,2026-07-24
SETTL-00049,CASE-00049,PAY-00049,48500.09,970.00,174.60,0.00,47355.49,SETTLED,2026-04-23
SETTL-00050,CASE-00050,PAY-00050,120000.10,2400.00,432.00,0.00,117168.10,SETTLED,2026-02-25
SETTL-00051,CASE-00051,PAY-00051,4999.08,99.98,18.00,0.00,4881.10,SETTLED,2026-06-13
SETTL-00052,CASE-00052,PAY-00052,23750.07,500.00,90.00,0.00,23160.07,SETTLED,2026-03-24
SETTL-00053,CASE-00053,PAY-00053,550000.48,11000.01,1980.00,0.00,537020.47,SETTLED,2026-07-07
SETTL-00054,CASE-00054,PAY-00054,23750.65,500.01,90.00,0.00,23160.64,SETTLED,2026-08-03
SETTL-00055,CASE-00055,PAY-00055,7499.55,149.99,27.00,0.00,7322.56,SETTLED,2026-07-10
SETTL-00057,CASE-00057,PAY-00057,550000.72,11000.01,1980.00,0.00,537020.71,SETTLED,2026-01-13
SETTL-00058,CASE-00058,PAY-00058,48500.23,970.00,174.60,0.00,47355.63,SETTLED,2026-01-22
SETTL-00059,CASE-00059,PAY-00059,48500.41,970.01,174.60,0.00,47355.80,SETTLED,2026-05-14
SETTL-00060,CASE-00060,PAY-00060,1250.60,25.01,4.50,0.00,970.97,SETTLED,2026-01-10
SETTL-00062,CASE-00062,PAY-00062,550000.19,11000.00,1980.00,-450.00,536570.19,SETTLED,2026-04-05
SETTL-00063,CASE-00063,PAY-00063,550000.27,19250.01,3465.00,0.00,527285.26,SETTLED,2026-07-02
SETTL-00064,CASE-00064,PAY-00064,2499.39,49.99,9.00,-450.00,1990.40,SETTLED,2026-02-13
SETTL-00065,CASE-00065,PAY-00065,25000.91,500.02,90.00,0.00,24410.89,SETTLED,2026-03-21
SETTL-00066,CASE-00066,PAY-00066,1250.89,43.78,7.88,0.00,1199.23,SETTLED,2026-04-30
SETTL-00067,CASE-00067,PAY-00067,12000.68,240.01,43.20,0.00,11717.47,SETTLED,2026-06-18
SETTL-00068,CASE-00068,PAY-00068,500.53,10.01,1.80,0.00,488.72,SETTLED,2026-07-12
SETTL-00069,CASE-00069,PAY-00069,2499.55,49.99,9.00,0.00,2440.56,SETTLED,2026-03-12
SETTL-00071,CASE-00071,PAY-00071,48500.31,970.01,174.60,0.00,47355.70,SETTLED,2026-07-02
SETTL-00073,CASE-00073,PAY-00073,12000.33,240.01,43.20,0.00,11717.12,SETTLED,2026-05-15
SETTL-00074,CASE-00074,PAY-00074,114000.01,2400.00,432.00,0.00,111168.01,SETTLED,2026-07-22
SETTL-00075,CASE-00075,PAY-00075,48500.71,970.01,174.60,0.00,47356.10,SETTLED,2026-04-06
SETTL-00076,CASE-00076,PAY-00076,48500.02,970.00,174.60,0.00,47355.42,SETTLED,2026-02-08
SETTL-00077,CASE-00077,PAY-00077,7499.84,150.00,27.00,0.00,7322.84,SETTLED,2026-08-16
SETTL-00078,CASE-00078,PAY-00078,23750.90,500.02,90.00,0.00,23160.88,SETTLED,2026-08-04
SETTL-00079,CASE-00079,PAY-00079,7499.39,149.99,27.00,0.00,7322.40,SETTLED,2026-04-10
SETTL-00080,CASE-00080,PAY-00080,12000.15,240.00,43.20,0.00,11716.95,SETTLED,2026-07-30
SETTL-00081,CASE-00081,PAY-00081,7499.92,150.00,27.00,0.00,5822.94,SETTLED,2026-07-25
SETTL-00082,CASE-00082,PAY-00082,7499.29,262.48,47.25,0.00,7189.56,SETTLED,2026-05-23
SETTL-00083,CASE-00083,PAY-00083,7499.05,149.98,27.00,0.00,7322.07,SETTLED,2026-01-24
SETTL-00084,CASE-00084,PAY-00084,48500.13,970.00,174.60,0.00,47355.53,SETTLED,2026-01-07
SETTL-00085,CASE-00085,PAY-00085,48500.43,970.01,174.60,0.00,47355.82,SETTLED,2026-03-15
SETTL-00086,CASE-00086,PAY-00086,1250.51,25.01,4.50,0.00,970.90,SETTLED,2026-07-12
SETTL-00087,CASE-00087,PAY-00087,2499.19,49.98,9.00,0.00,2440.21,SETTLED,2026-08-09
SETTL-00088,CASE-00088,PAY-00088,120000.97,2400.02,432.00,0.00,117168.95,SETTLED,2026-06-13
SETTL-00091,CASE-00091,PAY-00091,4999.33,99.99,18.00,0.00,4881.34,SETTLED,2026-02-03
SETTL-00092,CASE-00092,PAY-00092,2499.00,87.47,15.74,0.00,2395.79,SETTLED,2026-06-10
SETTL-00093,CASE-00093,PAY-00093,7499.04,149.98,27.00,0.00,7322.06,SETTLED,2026-04-02
SETTL-00094,CASE-00094,PAY-00094,1250.87,25.02,4.50,0.00,1221.35,SETTLED,2026-04-03
SETTL-00095,CASE-00095,PAY-00095,25000.14,500.00,90.00,0.00,24410.14,SETTLED,2026-08-02
SETTL-00097,CASE-00097,PAY-00097,46075.14,970.00,174.60,0.00,44930.54,SETTLED,2026-07-04
SETTL-00098,CASE-00098,PAY-00098,120000.69,2400.01,432.00,0.00,93168.54,SETTLED,2026-07-13
SETTL-00099,CASE-00099,PAY-00099,23750.89,500.02,90.00,0.00,23160.87,SETTLED,2026-05-08
SETTL-00100,CASE-00100,PAY-00100,4999.86,100.00,18.00,0.00,4881.86,SETTLED,2026-08-14
